sp19_student,Carnegie Mellon University,Computer Science,https://www.csd.cs.cmu.edu/directory/faculty
sp19_student,Stanford University,Computer Science,https://www.cs.stanford.edu/directory/faculty
sp19_student,University of Illinois in Chicago,Computer Science,https://cs.uic.edu/faculty-staff/faculty/
sp19_student,University of Chicago,Computer Science,https://www.cs.uchicago.edu/people/faculty/
sp19_student,Virrginia Tech,Computer Science,https://cs.vt.edu/People/Faculty.html
sp19_student,Purdue University,Computer Science,https://www.cs.purdue.edu/people/faculty/index.html
sp19_student,University of Washington,Computer Science,https://www.cs.washington.edu
sp19_student,MIT,Computer Science,https://www.eecs.mit.edu/people/faculty-advisors
sp19_student,Georgia Tech,Computer Science,https://www.scs.gatech.edu/people/faculty
sp19_student,UCLA,Computer Science,https://www.cs.ucla.edu/faculty/
sp19_student,The University of Texas at Austin,Computer Science,https://www.cs.utexas.edu/faculty
sp19_student,University of Wisconsin-Madison,Computer Science,https://www.cs.wisc.edu/people/faculty/
sp19_student,UC Berkeley,Computer Science,https://www2.eecs.berkeley.edu/Faculty/Lists/CS/faculty.html
sp19_student,California Institute of Technology ,Computer Science,http://www.cms.caltech.edu/people
sp19_student,Cornell University ,Computer Science,https://www.cs.cornell.edu/people/faculty
sp19_student,University of Colorado Boulder,Computer Science,https://www.colorado.edu/cs/faculty
sp19_student,Michigan State University,Computer Science and Engineering,http://www.cse.msu.edu/People/
sp19_student,University of Pennsylvania,Computer and Information Science,http://www.cis.upenn.edu/about-people/index.php
sp19_student,University of Michigan,Computer Science and Engineering,http://www.eecs.umich.edu/eecs/faculty/csefaculty.html
sp19_student,University of Alabama,Computer Science,http://cs.ua.edu/people/
sp19_student,Cambridge University,Computer Science,https://www.cl.cam.ac.uk/people/academic.html
sp19_student,University of Melbourne,Computer Science,https://cis.unimelb.edu.au/people/
sp19_student,Rice University,Computer Science,https://csweb.rice.edu/faculty
sp19_student,University of Toronto,Computer Science,http://web.cs.toronto.edu/people/faculty.htm
sp19_student,University of Georgia,Computer Science,http://www.cs.uga.edu/faculty-directory
sp19_student,Johns Hopkins University,Computer Science,https://www.cs.jhu.edu/faculty/
sp19_student,University of British Columbia,Computer Science,https://www.cs.ubc.ca/our-department/people/faculty
sp19_student,University of Southern California,Computer Science,https://www.cs.usc.edu/directory/faculty/
sp19_student,University of North Carolina at Chapel Hill,Computer Science,https://cs.unc.edu/people-page/faculty/
sp19_student,Harvard University,Computer Science,https://www.seas.harvard.edu/computer-science/people
sp19_student,UC Davis,Computer Science,https://www.cs.ucdavis.edu/people/faculty/
sp19_student,Texas Tech University,Computer Science,https://www.depts.ttu.edu/cs/faculty/
sp19_student,University of Oxford ,Computer Science,http://www.cs.ox.ac.uk/people/faculty.html
sp19_student,UC San Diego,Computer Science and Engineering,https://cse.ucsd.edu/people/faculty-profiles/faculty
sp19_student,San Francisco State University,Computer Science,https://cs.sfsu.edu/people/faculty-and-staff
sp19_student,Ohio State University,Computer Science,https://cse.osu.edu/about-us/faculty
sp19_student,University of Rochester,Computer Science,http://www.cs.rochester.edu/wcms/people/faculty/
sp19_student,Duke University ,Computer Science ,https://www.cs.duke.edu/people/faculty
sp19_student,UC Santa Barbara,Computer Science,https://www.cs.ucsb.edu/people
sp19_student,University of Oklahoma,Computer Science,http://www.ou.edu/coe/cs/people
sp19_student,Yale University,Computer Science,https://cpsc.yale.edu/people/faculty
sp19_student,Princeton University,Computer Science,https://www.cs.princeton.edu/people/faculty
sp19_student,Brown University,Computer Science,http://cs.brown.edu/people/faculty/
sp19_student,Boston University,Computer Science,https://www.bu.edu/cs/people/faculty/
sp19_student,Columbia University,Computer Science,https://www.cs.columbia.edu/people/faculty/
sp19_student,New York University,Computer Science,https://cs.nyu.edu/
sp19_student,Northeastern University,Computer Science,https://www.khoury.northeastern.edu/role/teaching-faculty/
sp19_student,University of Wisconsin-Greenbay,Computer Science,https://www.uwgb.edu/computer-science/faculty-staff/
sp19_student,Florida International University,Computer and Information Science,https://www.cis.fiu.edu/people/faculty/
sp19_student,Tufts University,Computer Science,https://engineering.tufts.edu/cs/people/faculty
sp19_student,Georgetown University,Computer Science,https://cs.georgetown.edu/people/faculty
sp19_student,University of Pennsylvania,Bio Engineering,"http://www.ese.upenn.edu/about-people/index.php
"
sp19_student,North Carolina State University,Computer Science,https://www.csc.ncsu.edu/directories/faculty.php
sp19_student,UC Irvine,Computer Science,https://www.ics.uci.edu/faculty/
sp19_student,Rensselaer Polytechnic Institute,Computer Science,https://science.rpi.edu/computer-science/faculty
sp19_student,UC Santa Cruz,Computer Science and Engineering ,https://www.soe.ucsc.edu/departments/computer-science-engineering/people/faculty
sp19_student,Stony Brook University,Computer Science,https://www.cs.stonybrook.edu/people/faculty
sp19_student,University of Minnesota,Computer Science and Engineering ,https://www.cs.umn.edu/people/faculty
sp19_student,UNIVERSITY OF MARYLAND,Computer Science,https://www.cs.umd.edu/people/faculty
sp19_student,Pomona College,Computer Science,https://www.pomona.edu/academics/departments/computer-science/faculty-staff
sp19_student,University of Edinburgh,Computer Science ,https://www.ed.ac.uk/informatics/people/academic
sp19_student,McGill University,Computer Science,https://www.cs.mcgill.ca/people/faculty/
sp19_student,Arizona State University,Comptuer Science,https://cidse.engineering.asu.edu/facultyandresearch/directory/faculty/
sp19_student,university of miami,Computer Science,https://csc.as.miami.edu/people/index.html
sp19_student,Marquette University,Computer Science,https://www.marquette.edu/mscs/facstaff-fac-directory.shtml
sp19_student,Vanderbilt University,Electrical Engineering and Computer Science,https://engineering.vanderbilt.edu/eecs/faculty-staff/index.php
sp19_student,Penn State University,Electrical Engineering and Computer Science,https://www.eecs.psu.edu/departments/cse-faculty-list.aspx
sp19_student,San Jose State Univeristy,Computer Science ,http://www.sjsu.edu/cs/community/faculty/index.html
sp19_student,Emory University,Computer Science,http://cs.emory.edu/people/faculty/asDir/
sp19_student,University of Illinois at Chicago,Computer Science,https://www.cs.uic.edu/staff/
sp19_student,University of Illinois at Chicago,Electrical & Computer Engineering,https://www.ece.uic.edu/faculty-staff/
sp19_student,Washington University in St. Louis,Computer Science,https://cse.wustl.edu/faculty/Pages/default.aspx
sp19_student,San Jose State Univeristy,Computer Science,https://www1.cs.ucr.edu/about/faculty
sp19_student,Carnegie Mellon University,Computer Science,https://www.csd.cs.cmu.edu/directory/faculty
sp19_student,Univeristy of Texas Arlington,Computer Science,https://cse.uta.edu/faculty-directory.php
sp19_student,Rutgers University,Computer Science,https://www.cs.rutgers.edu/
sp19_student,University of Kentucky,Electrical and Computer Engineering,https://www.engr.uky.edu/research-faculty/departments/electrical-computer-engineering/people
sp19_student,University of Virginia,computer science,https://engineering.virginia.edu/departments/computer-science/faculty
sp19_student,University of california san diego,electrical and computer engineering,http://www.ece.ucsd.edu/people/faculty
sp19_student,University of Massachusetts Amherst,Information and Computer Sciences,https://www.cics.umass.edu/people/all-faculty-staff
sp19_student,"University of Florida, Gainsville",Computer & Information Science & Engineering,https://www.cise.ufl.edu/people/faculty/
sp19_student,Brandeis University ,Computer Science ,http://www.brandeis.edu/computer-science/people/index.html
sp19_student,Wellesley College,Computer Science,https://www.wellesley.edu/cs/faculty
sp19_student,Nanyang Technological University (NTU),Computer Science and Engineering,http://scse.ntu.edu.sg/Research/DMAL/people/Pages/Faculty.aspx
sp19_student,University of Oregon,Computer and Information Science,https://cs.uoregon.edu/people/faculty
sp19_student,University of Cincinnati,Electrical Engineering and Computer Science,https://ceas.uc.edu/academics/departments/electrical-engineering-computer-science/faculty.html
sp19_student,University of Notre Dame,Computer Science and Engineering,https://cse.nd.edu/people/faculty
sp19_student,Temple University,Computer & Information Sciences,https://cis.temple.edu/people/faculty/tenure
sp19_student,College of William and Mary,Computer Science,https://www.wm.edu/as/computerscience/faculty/index.php
sp19_student,Texas A and M,ECE,https://engineering.tamu.edu/electrical/profiles/index.html
sp19_student,Imperial College London,Department of Computing,https://www.imperial.ac.uk/computing/people/academic-staff/
sp19_student,University of California Merced,Electrical Engineering and Computer Science,http://eecs.ucmerced.edu/people
sp19_student,University of Central Florida,Computer Science,http://www.cs.ucf.edu/people/index.php
sp19_student,Massachusetts Institute of Technology,Electronical Engineering and Computer Science,https://www.cse.iitb.ac.in/page14
sp19_student,University of Wyoming,Computer Science,http://www.uwyo.edu/cosc/cosc-directory/
sp19_student,Harvey Mudd College,Computer Science,https://www.cs.hmc.edu/people/
sp19_student,Kent State University,Computer Science,https://www.kent.edu/cs/faculty-staff
sp19_student,George Mason University,Computer Science,https://cs.gmu.edu/directory/by-category/faculty/
sp19_student,Cornell University ,Electrical and Computer Engineering,https://www.ece.cornell.edu/faculty-directory/
sp19_student,Brown University,Electrical and Computer Engineering,https://www.brown.edu/academics/engineering/electrical-and-computer-engineering-faculty
sp19_student,University of Iowa,Computer Science,https://cs.uiowa.edu/people/faculty
sp19_student,IIT Madras,Computer Science and Engineering,http://www.cse.iitm.ac.in/listpeople.php?arg=MSQw
sp19_student,University of Arizona,Computer Science,https://www.cs.arizona.edu/people/faculty
sp19_student,Iowa State University,Computer Science,https://www.cs.iastate.edu/people
sp19_student,Howard University,Computer Science,http://www.eece.cea.howard.edu/faculty
sp19_student,University of Waterloo,Computer Science,https://cs.uwaterloo.ca/about/people/group/49
sp19_student,Clemson University,Computer Science,https://www.clemson.edu/cecas/departments/computing/people/faculty/index.html
sp19_student,Southern Illinois University,Computer Science,https://cs.siu.edu/faculty-staff/continuing_faculty.php
sp19_student,Rose Hulman Institute of Technology,Computer Science & Software Engineering,https://www.rose-hulman.edu/academics/academic-departments/computer-science-software-engineering/faculty-and-staff.html
sp19_student,University of Toronto,Electrical and Computer Engineering,https://www.ece.utoronto.ca/faculty/directory/
sp19_student,Syracuse University,Computer Science,http://eng-cs.syr.edu/our-departments/electrical-engineering-and-computer-science/people/?filter=*
sp19_student,Stevens Institute of Technology,Computer Science,https://www.stevens.edu/schaefer-school-engineering-science/departments/computer-science/faculty-staff
sp19_student,Case Western Reserve University,Computer Science,http://engineering.case.edu/eecs/faculty-staff
sp19_student,UC Berkeley,Computer Science,https://www2.eecs.berkeley.edu/Faculty/Lists/CS/faculty.html
sp19_student,The University of Hong Kong,Computer Science,https://www.cs.hku.hk/people/academic.jsp
sp19_student,National University of Singapore ,Computer Science ,https://www.comp.nus.edu.sg/about/depts/cs/faculty/
sp19_student,University of Oxford,ENGINEERING,https://www.eng.ox.ac.uk/people/
sp19_student,Boston College,Computer Science ,https://www.bc.edu/content/bc-web/schools/mcas/faculty.html#computer_science
sp19_student,Elmhurst College,Computer Science,https://www.elmhurst.edu/academics/departments/computer-science-information-systems/faculty/
sp19_student,The Hong Kong University of Science and Technology,Computer Science and Engineering,https://www.cse.ust.hk/admin/people/faculty/
sp19_student,"University of Minnesota, Morris",Computer Science,https://academics.morris.umn.edu/computer-science/computer-science-faculty
sp19_student,Carnegie Mellon University,Civil and Environmental Engineering,https://www.cmu.edu/cee/people/faculty/index.html
sp19_student,Florida State University,Computer Science,https://www.cs.fsu.edu/department/faculty/
sp19_student,Fordham University,Computer and Information Science,"
https://www.fordham.edu/info/25112/cis_faculty_and_administration"
sp19_student,University of Missouri,Electrical Engineering and Computer Science ,https://engineering.missouri.edu/academics/eecs/eecs-faculty/
sp19_student,University of San Francisco,Computer Science ,https://www.usfca.edu/arts-sciences/undergraduate-programs/computer-science/faculty
sp19_student,Haverford College,Computer science,https://www.haverford.edu/computer-science/faculty-staff
sp19_student,University of Pittsburgh,Computer Science,http://sci.pitt.edu/faculty-and-research/faculty/
sp19_student,Rose Hulman Institute of Technology,Electrical & Computer Engineering,https://www.rose-hulman.edu/academics/academic-departments/electrical-computer-engineering/faculty-and-staff.html
sp19_student,University of Hawaii,Civil and Environmental Engineering,http://www.cee.hawaii.edu/faculty-staff-main/
sp19_student,University of Utah,Compute Science,http://www.cs.utah.edu/people/faculty/
sp19_student,Princeton University,Electrical Engineering,http://ee.princeton.edu/people/faculty
sp19_student,Harvard University,Electrical Engineering,https://www.seas.harvard.edu/electrical-engineering/people
sp19_student,Depaul University,Computer Science,https://www.cdm.depaul.edu/Faculty-and-Staff/Pages/Faculty.aspx?ftype=soc&selectedareataught=&lastnamefilter=ALL&level=-1
sp19_student,University of Surrey,Computer Science,https://www.surrey.ac.uk/department-computer-science/people/academic-staff
sp19_student,California State University Long Beach,Computer Engineering & Computer Science,http://web.csulb.edu/colleges/coe/cecs/faculty/index.shtml
sp19_student,University of Washington,Electrical Engineering,https://www.ece.uw.edu/faculty/
sp19_student,University of Washington,Computer Science,https://www.cs.washington.edu/people/faculty
sp19_student,Florida Atlantic University,Computer & Electrical Engineering & Computer Science,http://www.ceecs.fau.edu/directory/
sp19_student,American University,Computer Science,https://www.american.edu/cas/cs/faculty.cfm
sp19_student,Lehigh University,Computer Science & Engineering,https://engineering.lehigh.edu/cse/faculty
sp19_student,Biola University,Computer Science,https://www.biola.edu/computer-science-bs/faculty
sp19_student,Vassar College,Computer Science,https://computerscience.vassar.edu/bios/
sp19_student,University of Michigan,Electrical Engineering and Computer Science,https://www.eecs.umich.edu/eecs/faculty/eecsfaculty.html
sp19_student,Duke University ,Biological Engineering,https://ece.duke.edu/faculty/computer-engineering
sp19_student,De Anza College,Computer Information Systems,https://www.deanza.edu/cis/faculty.html
sp19_student,University of Evansville,Electrical Engineering and Computer Science,https://www.evansville.edu/majors/eecs/faculty.cfm
sp19_student,Colorado School of Mines,Computer Science,https://cs.mines.edu/faculty-and-staff/
sp19_student,Computer and Information Science,Computer Science,https://cs.uoregon.edu/people/faculty
sp19_student,University of Massachusetts Boston,Computer Science,https://www.umb.edu/academics/csm/computer_science/faculty
sp19_student,Univeristy of Kentucky,Computer Science,http://www.engr.uky.edu/research-faculty/departments/computer-science/people/faculty
sp19_student,Utah State University,Computer Science,https://cs.usu.edu/people/faculty/index
sp19_student,Cal Poly,Computer Science and Software Engineering,https://csc.calpoly.edu
sp19_student,IIT Hyderabad,Computer Science and Engineering,https://cse.iith.ac.in/people/faculty.html
sp19_student,UC Berkeley,Electrical Engineering,https://www2.eecs.berkeley.edu/Faculty/Lists/EE/faculty.html
sp19_student,Davidison,Mathematics and Computer Science,https://www.davidson.edu/academics/mathematics-and-computer-science/faculty-and-staff
sp19_student,University of Kansas,Electrical Engineering and Computer Science,https://eecs.ku.edu/faculty
sp19_student,Trident University,Computer Science,https://www.trident.edu/why-trident/our-people/faculty/?fc=b-s-computer-science
sp19_student,City University of Hong Kong,Computer Science,https://www.cs.cityu.edu.hk/people/academic_staff.html
sp19_student,USC,Electrical and Computer Engineering,https://minghsiehee.usc.edu/directory/faculty/
sp19_student,Worcester Polytechnic Institute,Computer Science,https://www.wpi.edu/academics/departments/computer-science/faculty-staff
sp19_student,Swarthmore College,Computer Science,https://www.swarthmore.edu/computer-science/faculty-staff
sp19_student,Unversity of Liverpool,Computer Science,https://www.liverpool.ac.uk/computer-science/people/
sp19_student,Illinois State University ,InformationTechnology,https://it.illinoisstate.edu/faculty-staff/
sp19_student,UT Dallas,Computer Science,https://cs.utdallas.edu/people/faculty/
sp19_student,University of Montreal,Computer Science,https://en.diro.umontreal.ca/department-directory/professeurs/
sp19_student,SouthWest University,Computer Science,https://www.southwestern.edu/math-and-computer-science/our-faculty/
sp19_student,Massachusetts Institute of Technology,Aeronautical Engineering,https://aeroastro.mit.edu/faculty-research/faculty-list
sp19_student,Cornell University ,Computer Science,https://www.cs.cornell.edu/people/faculty
sp19_student,Arizona State University,"Electrical, Computer and Energy Engineering",https://ecee.engineering.asu.edu/tenured-and-tenure-track-faculty/
sp19_student,Middlebury College,Computer Science,http://www.middlebury.edu/academics/cs/faculty
sp19_student,Texas A&M,Computer Science and Engineering,https://engineering.tamu.edu/cse/profiles/index.html
sp19_student,Virginia Tech,Computer Science,https://cs.vt.edu/People/Faculty.html
sp19_student,Wake Forest University,Computer Science,http://college.wfu.edu/cs/people/cs-faculty
sp19_student,Simon Fraser University,Computer Science,http://www.sfu.ca/computing/people/faculty.html
sp19_student,Tulane University,Computer Science,https://www2.tulane.edu/sse/cs/faculty/
sp19_student,University of Tennessee,Computer Science,http://www.eecs.utk.edu/people/faculty/
sp19_student,Wayne State University,Computer Science,http://engineering.wayne.edu/cs/faculty.php
sp19_student,University of Kansas,Bioengineering,http://bio.engr.ku.edu/people#Core_Faculty
sp19_student,UC Irvine,Electrical Engineering and Computer Science,http://engineering.uci.edu/directory/dept/eecs
sp19_student,Northwestern University,Civil and Environmental Engineering,https://www.mccormick.northwestern.edu/civil-environmental/people/faculty/
sp19_student,West Virginia University ,Computer Science,https://lcsee.statler.wvu.edu/faculty-and-staff
sp19_student,University of Maine,Computer Science,https://umaine.edu/cs/computer-science-faculty/
sp19_student,IIT Kanpur,Computer Science,https://www.cse.iitk.ac.in/pages/Faculty.html
sp19_student,SUNY Buffalo,Computer Science,http://engineering.buffalo.edu/computer-science-engineering/people/faculty-directory.html
sp19_student,California State University East Bay,Computer Science,https://www.csueastbay.edu/cs/faculty-office-hours/faculty-profiles.html
sp19_student,Carthage College,Computer Science,https://www.carthage.edu/computer-science/faculty/
sp19_student,Regis University,Computer Science,https://www.regis.edu/CCIS/Academics/Departments-and-Faculty/Computer-Science.aspx
sp19_student,Unversity of Liverpool,Electrical Enginnering and Electronics,https://www.liverpool.ac.uk/electrical-engineering-and-electronics/staff/
sp19_student,Bethel College,Math and Computer Science,https://www.bethel.edu/undergrad/academics/math-cs/faculty
sp19_student,University College London,Computer Science,http://www.cs.ucl.ac.uk/people/
sp19_student,Rugster University,Computer Science,https://www.cs.rutgers.edu/people/faculty/professors
sp19_student,Michigan Technological University,Computer Science,https://www.mtu.edu/cs/department/faculty-staff/
sp19_student,Gonzaga University,Computer Science,https://www.gonzaga.edu/school-of-engineering-applied-science/degrees-and-programs/computer-science/faculty
sp19_student,University College London,Electrical Enginnering and Electronics,https://www.ucl.ac.uk/electronic-electrical-engineering/people/academic-staff
sp19_student,Stanford,Bioengineering,https://bioengineering.stanford.edu/people/faculty
sp19_student,Arizona State University,"Engineering of Matter, Transport and Energy",https://semte.engineering.asu.edu/faculty/
fa19_student,University of Illinois at Urbana-Champaign,Chemistry,https://chemistry.illinois.edu/directory/faculty-by-type
fa19_student,Kansas State University,Computer Science,https://www.cs.ksu.edu/people/faculty/
fa19_student,Indiana University Bloomington,Computer Science,https://cs.indiana.edu/faculty-directory/index.html?&type=2&aca_dept=1
fa19_student,Missouri University of Science and Technology,Computer Science,https://cs.mst.edu/faculty-and-staff/faculty-directory/
fa19_student,Cornell University ,Information Science,https://infosci.cornell.edu/people/faculty
fa19_student,UNSW Sydney,Computer Science and Engineering,https://www.engineering.unsw.edu.au/computer-science-engineering/academic-profiles/cse-academic-profiles
fa19_student,"McMaster University, Canada",Computing and Software,https://www.eng.mcmaster.ca/cas/people/faculty
fa19_student,Rutgers University,Statistics,https://statistics.rutgers.edu/people-pages/faculty
fa19_student,Viriginia Tech,Mechanical Engineering,http://www.me.vt.edu/people/faculty/
fa19_student,Purdue University,Engineering,https://engineering.purdue.edu/Engr/People/ptDirectory
fa19_student,The University of Hong Kong,Electrical and Electronic Engineering,https://www.eee.hku.hk/people/
fa19_student,Harvard University,Bioengineering,https://www.seas.harvard.edu/bioengineering/people
fa19_student,Cornell University ,Computational Biology,https://compbio.cornell.edu/people/faculty/
fa19_student,Eastern Illinois University,Engineering,https://www.eiu.edu/engineering/faculty.php
fa19_student,McNeese State University,Electrical Engineering & Computer Science,https://www.mcneese.edu/sem/eecs/faculty-staff/
fa19_student,University of Puerto Rico -Mayaguez,Computer Science and Engineering,https://www.uprm.edu/cse/faculty/
fa19_student,Northern Arizona University,School of Informatics Computing and Cyber Systems,https://nau.edu/school-of-informatics-computing-and-cyber-systems/faculty/
fa19_student,UMass Lowell,Computer Science,https://www.uml.edu/Sciences/computer-science/faculty/
fa19_student,University of Waterloo,Electrical and Computer Engineering,https://uwaterloo.ca/electrical-computer-engineering/about/people/group/28
fa19_student,University of Missouri,Information Technology,https://engineering.missouri.edu/academics/it/it-faculty/
fa19_student,Western Illinois University,Computer Science,http://www.wiu.edu/cbt/computer_science/contact.php
fa19_student,Queen's University,Electrical and Computer Engineering,https://www.ece.queensu.ca/people/faculty.html
fa19_student,Stanford University,Electrical Engineering,https://ee.stanford.edu/people/faculty
fa19_student,Louisiana State University,Computer Science & Engineering,https://www.lsu.edu/eng/cse/people/faculty/index.php
fa19_student,Rutgers University,Electrical & Computer Engineering,https://www.ece.rutgers.edu/fac
fa19_student,Virginia Tech,Electrical and Computer Engineering,https://ece.vt.edu/people/faculty
fa19_student,California Institute of Technology,Electrical Engineering,http://ee.caltech.edu/people
fa19_student,University of Hawaii at Manoa,Information and Computer Sciences,http://www.ics.hawaii.edu/people/
fa19_student,Prudue University,Computer Science,https://www.cs.purdue.edu/people/faculty/index.html
fa19_student,Northwestern University,Department of Computer Science,https://www.mccormick.northwestern.edu/computer-science/people/faculty.html
fa19_student,University of Wisconsin-Madison,Department of Genetics,https://genetics.wisc.edu/genetics-faculty/
fa19_student,Goldsmiths University of London,Computing,https://www.gold.ac.uk/computing/people/
fa19_student,Truman State University,Computer Science,https://www.truman.edu/majors-programs/majors-minors/computer-science-major/computer-science-faculty-staff/
fa19_student,Columbia Law School,Law school,https://www.law.columbia.edu/faculty?role=103
fa19_student,"UCONN, Connecticut",Computer Science,https://www.cse.uconn.edu/people/faculty/
fa19_student,Northern Illinois University,Engineering,https://www.niu.edu/ceet/about/faculty-and-instructors/index.shtml
fa19_student,University Of Utah,Elelectrical & Computer Engineering,https://www.ece.utah.edu/faculty
fa19_student,FIorida Institute of Technology,Computer Engineering and Sciences,https://www.fit.edu/faculty-profiles/
fa19_student,Yale University,Electrical Engineering,https://seas.yale.edu/faculty-research/faculty-directory
fa19_student,Oregon State University,Robotics,https://robotics.oregonstate.edu/faculty
fa19_student,University of Alberta,Computer Science,https://www.ualberta.ca/computing-science/faculty-and-staff/faculty
fa19_student,"University of California, Santa Barbara",Electrical & Computer Engineering,https://www.cs.ucsb.edu/people
fa19_student,University Of Southern California,Biomedical Engineering,https://bme.usc.edu/directory/faculty/
fa19_student,Carthage College,Computer Science,https://www.carthage.edu/computer-science/faculty/
fa19_student,University of North Carolina at Chapel Hill,Computer Science,https://cs.unc.edu/people-page/faculty/
fa19_student,USC Viterbi,Electrical and Computer Engineering,https://minghsiehece.usc.edu/directory/faculty/
fa19_student,Dartmouth,Computer Science,https://web.cs.dartmouth.edu/people/faculty
fa19_student,UC Berkeley,Computer Science,https://me.berkeley.edu/faculty/faculty-by-research-area/
fa19_student,Washington State University,Electrical Engineering and Computer Science,https://school.eecs.wsu.edu/people/faculty/
fa19_student,"University of California, Los Angeles",Electrical and computer Engineering,https://www.ee.ucla.edu/all-faculty/
fa19_student,Utah State University,Computer Science,https://cs.usu.edu/people/faculty/index
fa19_student,"University of California, Irvine",Computer Science,https://www.cs.uci.edu/faculty/
fa19_student,Saint Francis Xavier University,Computer Science,http://www2.mystfx.ca/computer-science/faculty-staff
fa19_student,NYU Tandon School of Engineering,Computer Science and Engineering,https://engineering.nyu.edu/academics/departments/computer-science-and-engineering/people
fa19_student,Princeton University,Chemical & Biological engineering,https://cbe.princeton.edu/people/faculty
fa19_student,Oregon State University,Electrical Engineering and Computer Science,https://eecs.oregonstate.edu/people/faculty-directory
fa19_student,The University of Texas at Austin,"Civil, Architectural and Environmental Engineering",https://www.caee.utexas.edu/faculty/directory
fa19_student,Ghulam Ishaq Khan Institute of Engineering Sciences and Technology (GIK),Computer Science,https://www.giki.edu.pk/Faculties/FCSEUndergraduate/Profiles
fa19_student,Clark University,Mathematics and Computer Science,https://www.clarku.edu/departments/mathematics-and-computer-science/our-faculty/
fa19_student,Harvard,Applied Mathematics,https://www.seas.harvard.edu/applied-mathematics/people
fa19_student,Northwestern University,Biomedical Engineering,https://www.mccormick.northwestern.edu/biomedical/people/faculty/
fa19_student,Ryerson University,Graduate Computer Science,https://www.ryerson.ca/science/programs/graduate/computerscience/our-faculty/
fa19_student,"California Polytechnic State University, San Luis Obispo",Computer Engineering,https://cpe.calpoly.edu/faculty/
fa19_student,Carnegie Mellon University,Chemical Engineering,https://cmu.edu/cheme/people/faculty/index.html
fa19_student,UC Merced,Computer Science & Engineering (CSE),https://engineering.ucmerced.edu/soe-bylaw-units/computer-science-engineering-cse
fa19_student,Johns Hopkins University,Electrical and Computer Engineering,https://engineering.jhu.edu/ece/faculty/
fa19_student,University of Colorado Colorado Springs,Computer Science,https://www.uccs.edu/cs/about/faculty
fa19_student,Yale,Computational Biology and Bioinformatics,https://medicine.yale.edu/bbs/computational/people/
fa19_student,UC Riverside,Computer Science & Engineering (CSE),https://www1.cs.ucr.edu/people/faculty
fa19_student,The College of New Jersey,Computer Science ,https://computerscience.tcnj.edu/faculty-staff/faculty/
fa19_student,University of Alaska Anchorage,Computer Science & Engineering (CSE),https://www.uaa.alaska.edu/academics/college-of-engineering/departments/computer-science-and-engineering/contact-us.cshtml
fa19_student,Texas Tech University,Computer Science,https://www.depts.ttu.edu/cs/faculty/
fa19_student,UC Davis,Computer Science,https://www.cs.ucdavis.edu/people/faculty/
fa19_student,University of Idaho,Computer Science,https://www.uidaho.edu/engr/departments/cs/our-people/faculty
fa19_student,Cornell University,Cornell Tech,"https://tech.cornell.edu/people/faculty/"
fa19_student,University of Richmond,Computer Science,https://cs.richmond.edu/faculty/index.html
fa19_student,Worcester Polytechnic Institute,Mechanical Engineering,https://www.wpi.edu/academics/departments/mechanical-engineering/faculty-staff
fa19_student,The University of Texas at San Antonio,Computer Science,
fa19_student,University of Manchester,Computer Science,https://www.cs.manchester.ac.uk/about/people/academic-and-research-staff/
fa19_student,University of Wisconsin-Madison,Computer Science,https://www.cs.wisc.edu/people/faculty/
fa19_student,UMass Amherst,ECE,https://ece.umass.edu/faculty
fa19_student,George Mason University,Information Sciences and Technology,https://ist.gmu.edu/people/faculty/
fa19_student,The University of Texas at Austin,Electrical and Computer Engineering,http://www.ece.utexas.edu/people/faculty
fa19_student,Tel Aviv University,Electrical Engineeringg,https://en-engineering.tau.ac.il/Engineering-Faculty-Home/acstaff
fa19_student,University of Calgary,Computer Science,http://www.ucalgary.ca/cpsc_info/contact-us
fa19_student,UC Berkeley,Chemical & Biomolecular Engineering,https://chemistry.berkeley.edu/faculty/cbe
fa19_student,New York University,Center for Data Science,https://cds.nyu.edu/our-people/faculty/
fa19_student,Rice University,Computer Science,https://csweb.rice.edu/faculty
fa19_student,"University of Florida, Gainesville",Statistics,https://stat.ufl.edu/people/faculty/
fa19_student,The University of Texas at Austin,Mechanical Engineering,http://www.engr.utexas.edu/faculty-directory/departments/me
fa19_student,"University of Michigan, Ann Arbor",Computer Science & Engineering (CSE),https://cse.engin.umich.edu/people/faculty/
fa19_student,Princeton University,Operations Research & Financial Engineering,https://orfe.princeton.edu/people/faculty
fa19_student,University of Missouri,Information Science and Educational Technologies,https://sislt.missouri.edu/faculty/
fa19_student,University of Illinois at Urbana-Champaign,Electrical and Computer Engineering,https://ece.illinois.edu/directory/faculty.asp
fa19_student,Northwestern University,Chemistry,https://www.chemistry.northwestern.edu/people/core-faculty/
fa19_student,Carneige Mellon University,Biomedical Engineering,https://www.cmu.edu/bme/People/Faculty/index.html
fa19_student,University of Washington,Computer Science,https://www.cs.washington.edu/people/faculty
fa19_student,The University of Texas at San Antonio,Mathematics,http://math.utsa.edu/directory/
fa19_student,Illinois Institute of Technology,Computer Science,https://science.iit.edu/computer-science/people/faculty
fa19_student,University of Colombo,School of Computing,https://ucsc.cmb.ac.lk/ucsc-staff/academic-staff/
fa19_student,University of Wyoming,Computer Science,http://www.uwyo.edu/cosc/cosc-directory/
fa19_student,University of Evansville,Electrical Engineering and Computer Science,https://www.evansville.edu/majors/eecs/faculty.cfm
fa19_student,Carneige Mellon University,Mechanical Engineering,https://www.meche.engineering.cmu.edu/directory/index.html
fa19_student,Auburn,Computer Science and Software Engineering,https://www.eng.auburn.edu/comp/faculty/
fa19_student,University of St. Thomas,Computer and Information Sciences,https://www.stthomas.edu/cisc/faculty/
fa19_student,University of Missouri,Mathematics,https://www.math.missouri.edu/faculty
fa19_student,Harvard University,Computer Science,https://www.seas.harvard.edu/computer-science/people
fa19_student,"University of California, Berkeley",Civil and Environmental Engineering,https://www.ce.berkeley.edu/people/faculty
fa19_student,"Indian Institute of Technology, Guwahati",Compute Science and Engineering,http://www.iitg.ac.in/cse/csefaculty
fa19_student,University of Waterloo,Statistics and Actuarial Science,https://uwaterloo.ca/statistics-and-actuarial-science/about/people/group/47
fa19_student,University of Alberta,Computer Engineering,https://www.ualberta.ca/electrical-computer-engineering/faculty-and-staff
fa19_student,National University of Singapore,Information Systems and Analytics,https://www.comp.nus.edu.sg/about/depts/disa/faculty/
fa19_student,Carnegie ï¼­ellon University,Information systems and management,https://www.heinz.cmu.edu/faculty-research/profiles/
fa19_student,Colorado State University,Department of Statistics,https://statistics.colostate.edu/faculty-staff/
fa19_student,IIT Kanpur,Computer Science and Engineering,https://www.cse.iitk.ac.in/pages/Faculty.html
fa19_student,Bradley University,Electrical & Computer Engineering,https://www.bradley.edu/academic/departments/ece/faculty/
fa19_student,Dartmouth College,Engineering,https://engineering.dartmouth.edu/people/faculty/core
fa19_student,University of North Texas,COMPUTER SCIENCE AND ENGINEERING,https://computerscience.engineering.unt.edu/people/faculty
fa19_student,University of Michigan,Aerospace Engineering,https://aero.engin.umich.edu/role/faculty/
fa19_student,UC Berkeley,Haas School of Business,https://haas.berkeley.edu/faculty/
fa19_student,Northwestern University,Electrical and Computer Engineering,https://www.mccormick.northwestern.edu/electrical-computer/people/faculty.html
fa19_student,George W Woodruff School of Mechanical Engineering,Mechanical Engineering,http://www.me.gatech.edu/faculty
fa19_student,University of North Carolina at Charlotte,College of Computing and Informatics,https://cci.uncc.edu/directory/cs/faculty
fa19_student,Princeton University,Mechanical and Aerospace Engineering,https://mae.princeton.edu/people/faculty
fa19_student,"University of Nevada, Las Vegas",Department of Computer Science,https://www.unlv.edu/cs/directory?all
fa19_student,Amherst College,Department of Computer Science,https://www.amherst.edu/academiclife/departments/computer_science/faculty
fa19_student,University of Virginia,Chemistry,https://chemistry.as.virginia.edu/faculty
fa19_student,Saint Mary's College,Mathematics and Computer Science,https://www.saintmarys.edu/academics/departments/mathematics-computer-science/faculty
fa19_student,"University of Michigan, Ann Arbor", Electrical and Computer Engineering (ESE),https://ece.engin.umich.edu/people/faculty/
fa19_student,University of San Francisco,Data Science,https://www.usfca.edu/arts-sciences/graduate-programs/data-science/faculty
fa19_student,College of Dupage,All,https://www.cod.edu/faculty/
fa19_student,California Institute of Technology,"Geological
and Planetary Sciences",http://www.gps.caltech.edu/people?cat_one=Professorial%20Faculty&cat_two=all
fa19_student,University of Alabama,Electrical and Computer Engineering,http://ece.eng.ua.edu/people/
fa19_student,The University of Texas at Austin,Mechanical Engineering,http://www.engr.utexas.edu/faculty-directory/departments/me
fa19_student,University of Utah,Chemical Engineering,https://www.che.utah.edu/department/people/faculty
fa19_student,University of Chicago,Philosophy,https://philosophy.uchicago.edu/people/profiles
fa19_student,University of Washington,Electrical Engineering,https://www.ece.uw.edu/faculty/
fa19_student,University of Tennessee,Computer Science,http://www.eecs.utk.edu/people/faculty/
fa19_student,Stanford University,Mechanical Engineering,https://me.stanford.edu/people/faculty/
fa19_student,Wake Forest University,Mathematics,https://math.wfu.edu/people-faculty
fa19_student,Hunter College,Computer Science,http://www.hunter.cuny.edu/csci/people/faculty
fa19_student,IIT BHU,All,https://www.iitbhu.ac.in/all/faculty
fa19_student,University of Texas Rio Grande Valley,Computer Science,https://www.utrgv.edu/csci/faculty/index.htm
fa19_student,University of Maryland ,Engineering ,https://eng.umd.edu/clark/facultydir
fa19_student,San Francisco State University,Chemistry and Biochemistry,http://chembiochem.sfsu.edu/faculty/0layout.php
fa19_student,University of North Carolina at Chapel Hill,Lineberger Comprehensive Cancer Center,https://unclineberger.org/members/'
fa19_student,Purdue University,Civil Engineering,https://engineering.purdue.edu/CE/People/Faculty
fa19_student,NYU Tandon School of Engineering,Electrical and Computer Engineering,https://engineering.nyu.edu/academics/departments/electrical-and-computer-engineering/people
fa19_student,Stanford University,Chemical Engineering,https://cheme.stanford.edu/people/faculty
fa19_student,Ohio State University,Electrical and Computer Engineering,https://ece.osu.edu/directory/categories/type/faculty
fa19_student,Trinity University (San Antonio),Computer Science,https://new.trinity.edu/academics/departments/computer-science/meet-faculty
fa19_student,"University of California, Irvine",Mechanical and Aerospace Engineering,http://engineering.uci.edu/dept/mae/faculty-staff/faculty
fa19_student,Stony Brook University,Electrical & Computer Engineering,https://www.stonybrook.edu/commcms/electrical/people/-core_faculty/
fa19_student,Illinois State University,Technology,https://tec.illinoisstate.edu/faculty-staff/
fa19_student,McGill University,Chemical Engineering,https://mcgill.ca/chemeng/people
fa19_student,UCLA,Law School,https://law.ucla.edu/faculty/faculty-profiles/
fa19_student,Univeristy of Peradeniya,Department of Computer Engineering,http://www.ce.pdn.ac.lk/academic-staff/#1559034718450-064c648f-6799
fa19_student,Michigan State University,Computer Science and Engineering,http://www.cse.msu.edu/People/
fa19_student,UC Berkeley,Nuclear Physics,https://physics.berkeley.edu/research-faculty/nuclear-physics
fa19_student,Columbia University,Chemical Engineering,https://cheme.columbia.edu/directory?gsarqfields%5Bbiotypetid%5D=30
fa19_student,Middle Tennessee State University,Computer Science,https://www.mtsu.edu/csc/faculty.php
fa19_student,University of Findlay,Computer Science,https://www.findlay.edu/sciences/computer-science/Meet-Our-Faculty-and-Staff
fa19_student,Virginia Commonwealth University,Computer Science,https://egr.vcu.edu/departments/computer/people/faculty/
fa19_student,Swinburne university of technology,Computer Science and Software Engineering,https://www.swinburne.edu.au/science-engineering-technology/schools-departments/software-electrical-engineering/computer-science-software-engineering/staff/
fa19_student,Stanford University,Computer Science ,https://cs.stanford.edu/directory/faculty
fa19_student,George Washington University,School of business,https://business.gwu.edu/staff-directory
fa19_student,University of Glasgow,School of Computing Science,https://www.gla.ac.uk/schools/computing/staff/
fa19_student,"University of Florida, Gainesville",Electrical & Computer Engineering,https://www.ece.ufl.edu/people/faculty/
fa19_student,North Carolina State University,Electrical & Computer Engineering,https://www.ece.ncsu.edu/faculty/
fa19_student,Chicago Booth School,Management,https://www.chicagobooth.edu/executiveeducation/about-us/faculty
fa19_student,Lehigh University,Civil Engineering,https://engineering.lehigh.edu/cee/faculty
fa19_student,Virginia Tech,Mathematics,https://www.math.vt.edu/people/faculty.html
fa19_student,Rice University,Electrical and Computer Engineering,https://eceweb.rice.edu/people/faculty
fa19_student,The Hong Kong Polytechnic University,Computing,https://www.comp.polyu.edu.hk/en-us/staffs/index/1
fa19_student,Miami University,Computer Science,https://miamioh.edu/cec/academics/departments/cse/about/faculty-and-staff/index.html
fa19_student,Gonzaga University,Biology,https://www.gonzaga.edu/college-of-arts-sciences/departments/biology/faculty
fa19_student,University of Illinois at Urbana-Champaign,Physics,https://physics.illinois.edu/people/directory/
fa19_student,Hofstra University,Computer Science,https://www.hofstra.edu/academics/colleges/seas/computer-science/computer-science-faculty.html
fa19_student,Louisiana Tech University,Computer Science,https://coes.latech.edu/facultystaff-directory
fa19_student,University of South Florida,Computer Science and Engineering,https://www.usf.edu/engineering/cse/people/index.aspx
fa19_student,Eastern Connecticut State University,Computer Science,http://www.easternct.edu/computerscience/faculty/
fa19_student,University of Virginia,School of Business,https://www.darden.virginia.edu/faculty-research/directory
fa19_student,Santa Clara University,Mathematics and Computer Science,https://www.scu.edu/mathcs/faculty-and-staff/
fa19_student,"University of Maryland, College Park",Business,https://www.rhsmith.umd.edu/
fa19_student,University of Arkansas,Food Science,https://food-science.uark.edu/directory/index.php
fa19_student,Simon Fraser University,School of Engineering,http://www.sfu.ca/engineering/faculty-and-staff/faculty.html
fa19_student,University of British Columbia,Electrical and Computer Engineering,https://www.ece.ubc.ca/faculty
fa19_student,University of Texas at Austin,Biomedical Engineering,http://www.engr.utexas.edu/faculty-directory/departments/bme
fa19_student,Mechan,Computer Science,https://www.bitmesra.ac.in/Show_Faculty_List?cid=1&deptid=70
fa19_student,"Visvesvaraya National Institue of Technology,Nagpur,India ",Computer Science and Engineering,http://vnit.ac.in/cse/faculty/
fa19_student,"Rutgers Department of Computer Science, New Jersey",Computer Science,https://www.cs.rutgers.edu/people/faculty/
fa19_student,University of Akron,Computer Science,https://www.uakron.edu/computer-science/faculty-staff/
fa19_student,Monmouth University,Computer Science,https://www.monmouth.edu/department-of-csse/faculty-and-staff/
fa19_student,University of Washington,Biochemistry,https://depts.washington.edu/biowww/pages/faculty.shtml
fa19_student,University of Virginia,Economics,https://economics.virginia.edu/faculty
fa19_student,University of Wisconsin - Madison,Mechanical Engineering,https://directory.engr.wisc.edu/display.php/faculty?page=me&search=faculty
fa19_student,Massachusetts Institute of Technology,Physics,http://web.mit.edu/physics/people/faculty/index.html
fa19_student,Penn State University,Physics,http://www.phys.psu.edu/people/faculty
fa19_student,Stanford University,Aeronautics and Astronautics Engineering,https://aa.stanford.edu/people/faculty/grid
fa19_student,New Jersey Institue of Techology,Computer Science,https://cs.njit.edu/people
fa19_student,University of New Mexico,Computer Science,https://www.cs.unm.edu/directory/index.html
fa19_student,Western Michigan University,Computer Science,https://wmich.edu/cs/directory/faculty
fa19_student,Bradley University,Chemistry and Biochemistry,https://www.bradley.edu/academic/departments/chm/faculty/
fa19_student,"University of California, Berkeley",Mechanical Engineering,
fa19_student,MIT,Computer Science & Artificial Intelligence Lab,https://www.csail.mit.edu/people
fa19_student,University of Illinois at Urbana-Champaign,Animal Sciences,https://ansc.illinois.edu/directory/faculty
fa19_student,Washington University in St. Louis,"Energy, Environmental and Chemical Engineering",https://eece.wustl.edu/faculty/Pages/default.aspx
fa19_student,Bob Jones University,Computer Science,https://www.bju.edu/academics/faculty/bydepartment.php?id=1136
fa19_student,MIT,Mathematics,https://math.mit.edu/directory/faculty/index.php
fa19_student,The Univesity of Texas at Dallas,Physics,https://www.utdallas.edu/physics/faculty/
fa19_student,Duke University,Physics,https://phy.duke.edu/people/faculty
fa19_student,Texas State University ,computer science,https://cs.txstate.edu/accounts/faculty/
fa19_student,University of Waterloo,Mechanical and Mechatronics Engineering,https://uwaterloo.ca/mechanical-mechatronics-engineering/about/people/group/117
fa19_student,Villanova University,Computer Science,http://csc.villanova.edu/aboutUs/faculty
fa19_student,Illinois Wesleyan,Computer Science,https://www.iwu.edu/computer-science/faculty/
fa19_student,University of Washington,Information School,https://ischool.uw.edu/people/faculty
fa19_student,Georgia Tech,Chemical and Biomolecular Engineering,http://www.chbe.gatech.edu/people
fa19_student,University of California San Diego,Physics,https://physics.ucsd.edu/Directory#filter=.faculty%3Anot(.hidden)
fa19_student,Hampton University,Computer Science,https://science.hamptonu.edu/compsci/faculty/index.cfm
fa19_student,"University of Florida, Gainesville",Industrial and Systems Engineering,https://www.ise.ufl.edu/people/faculty10/ise-faculty/
fa19_student,Baylor University,School of Engineering and Computer Science,https://www.ecs.baylor.edu/index.php?id=961249
fa19_student,Middlebury College,Chemistry,http://www.middlebury.edu/academics/chem/faculty
fa19_student,University of Georgia,Computer Science,https://www.cs.uga.edu/faculty-directory
fa19_student,The Pennsylvania State University,,https://math.psu.edu/people/3
fa19_student,Stanford University,Materials Science and Engineering,https://mse.stanford.edu/people/faculty
fa19_student,McMaster University,Electrical and computer Engineering,https://www.eng.mcmaster.ca/ece/people/faculty
fa19_student,Drexel University,Computer Science,https://drexel.edu/cci/academics/computer-science-department/faculty/
fa19_student,University of Indianapolis,College of art and Sciences,http://www.uindy.edu/cas/engineering/faculty
fa19_student,University of Toronto,Statistical Sciences,https://www.statistics.utoronto.ca/
fa19_student,UC Berkeley,Industrial Engineering and Operations Research,https://ieor.berkeley.edu/faculty/
fa19_student,University of Toronto,Chemistry,https://www.chemistry.utoronto.ca/people/directories/all-faculty
fa19_student,"University of California, Los Angeles",Civil and Environmental Engineering,https://samueli.ucla.edu/search-faculty/#cee
fa19_student,Portland State University,Electrical and Computer Engineering,https://www.pdx.edu/ece/ece-faculty
fa19_student,Columbia University,Applied Physics and Applied Mathematics,https://apam.columbia.edu/people-by-type/faculty
fa19_student,University of North Texas,mechanical and energy,https://mechanicalandenergy.engineering.unt.edu/faculty
fa19_student,Washington State University,Mathematics and Statistics,http://www.math.wsu.edu/faculty/welcomebytitle.php
fa19_student,Stony Brook University,Mechanical Engineering,https://me.stonybrook.edu/people/index.php#FullTime
fa19_student,"University Of Nebraska, Omaha",College of Information Science and Technology,https://www.unomaha.edu/college-of-information-science-and-technology/about/faculty-staff/index.php
fa19_student,"University of Nevada, Reno",Computer Science and Engineering,https://www.unr.edu/cse/people
fa19_student,Stanford University,Management Science and Engineering,https://msande.stanford.edu/people/faculty/grid
fa19_student,University of Massachusetts Amherst,Mechanical and Industrial Engineering,http://mie.umass.edu/faculty
fa19_student,Texas A&M University,Chemical Engineering,https://engineering.tamu.edu/chemical/index.html
fa19_student,University of La Verne,Computer Science and Computer Engineering ,https://artsci.laverne.edu/compsci/faculty/
fa19_student,Arizona State University,"Engineering of Matter, Transport and Energy",https://semte.engineering.asu.edu/faculty/
fa19_student,SUNY Binghamton,Computer Science,https://www.binghamton.edu/computer-science/contact/faculty.html
fa19_student,University of Calgary,Electrical & Computer Engineering,https://schulich.ucalgary.ca/electrical-computer/faculty-members
fa19_student,University of San Diego,Computer Science,https://www.sandiego.edu/engineering/programs/computer-science/faculty.php?name_search=&name_search_option=Any&relevancy=contains&sort=&list_view_type=box-view&filter_type=office-department-group&show_image=Yes&details_button=show-details-button&department_filter_type=0&row_limit=24&division_id=NaN&office_department_id=NaN&sub_department_id=160&sub_unit_id=NaN&group_id=5%2C6%2C7%2C8%2C10&scroll=true&filter_action=clicks
fa19_student,University of Illinois at Chicago,Chemistry,https://chem.uic.edu/people/faculty/
fa19_student,University of California San Diego,DIVISION OF BIOLOGICAL SCIENCES,https://biology.ucsd.edu/publicinfo/dwc?action=faculty_research_list
fa19_student,Brigham Young University - Idaho,Computer Science and Electrical Engineering,http://www.byui.edu/computer-science-electrical-engineering/our-faculty
fa19_student,Northern Illinois University,Department of Computer Science,http://www.cs.niu.edu/faculty/index.shtml
fa19_student,Syracuse University,School of Information Studies,https://ischool.syr.edu/people/directories/faculty/
fa19_student,Williams College,Computer Science,https://csci.williams.edu/people/faculty/
fa19_student,University of Illinois at Chicago,Mechanical and Industrial Engineering,https://mie.uic.edu/faculty-and-staff/faculty/
fa19_student,San Jose State University,Computer Engineering,https://cmpe.sjsu.edu/faculty-staff
fa19_student,JNTU University,Computer Science & Engineering,https://jntuhceh.ac.in/faculty/5/dept/5
fa19_student,University of Michigan,Ross School of Business,https://michiganross.umich.edu/faculty-research/directory?last=All
fa19_student,UC Berkeley,CONDENSED MATTER PHYSICS AND MATERIALS SCIENCE,https://physics.berkeley.edu/research/condensed-matter-physics-and-materials-science
fa19_student,UC Berkeley,School of Information,https://www.ischool.berkeley.edu/people?role=122
fa19_student,University of Oregon,Psychology,https://psychology.uoregon.edu/profiles/professors
fa19_student,Clarkson University,Computer Science,https://www.clarkson.edu/academics/arts-sciences/computer-science/faculty-staff
fa19_student,Georgia Tech,Industrial Engineering,https://www.isye.gatech.edu/academics/bachelors/industrial-engineering/faculty
fa19_student,University of Iowa,Engineering,https://www.engineering.uiowa.edu/faculty-staff-directory
fa19_student,University of British Columbia,Civil Engineering,https://www.civil.ubc.ca/people/faculty
fa19_student,MTU,computer science,https://www.mtu.edu/cs/department/faculty-staff/
fa19_student,University of Colorado at Colorado Springs,Electrical and Computer Engineering,https://www.UCCS.edu/ece/staff/ece-faculty
fa19_student,"Indian Institute of Technology Madras, Chennai, India.","Indian Institute of Technology Madras, Chennai, India.",http://www.cse.iitm.ac.in/listpeople.php?arg=MSQw
fa19_student,Rensselaer Polytechnic Institute,"Electrical, Computer, and Systems Engineering",https://www.ecse.rpi.edu/people
fa19_student,Macalester College,"Mathematics, Statistics, and Computer Science",https://www.macalester.edu/mscs/facultystaff/
fa19_student,UC Berkeley,AstroPhysics,https://physics.berkeley.edu/research/astrophysics
fa19_student,Univesity of Illinois - Chicago,Physics,https://phys.uic.edu/people/facultydirectory/
fa19_student,University of British Columbia,Eletrical and Computer Engineering,https://www.ece.ubc.ca/faculty
fa19_student,Mississippi State University,Computer Science and Engineering,http://www.cse.msstate.edu/people/faculty/
fa19_student,McMaster University,Engineering Physics,https://www.eng.mcmaster.ca/engphys/people/faculty
fa19_student,University of Delaware,Computer Science & Information Sciences,
fa19_student,UC Davis,Electrical and Computer Engineering,https://www.ece.ucdavis.edu/people/faculty
fa19_student,Duke University,"Signal and Information Processing, Eletrical and Computer Engineering",https://ece.duke.edu/faculty/signal-information-processing
fa19_student,"Birla Institute of Technology, Mesra",Architecture,https://bitmesra.ac.in/Show_Faculty_List?cid=1&deptid=49
fa19_student,Arizona State University,Mathematical and Statistical Sciences,https://math.asu.edu/people/faculty
fa19_student,University of Wisconsin - Madison,Business School,https://wsb.wisc.edu/faculty-research/named-chairs-and-professorships
fa19_student,Stanford University,Statistics,https://statistics.stanford.edu/people/faculty
fa19_student,IIT Delhi,Computer Science and Engineering ,https://www.cse.iitd.ernet.in/index.php/2011-12-29-23-14-30/faculty
fa19_student,Worcester Polytechnic Institute,Computer Science,https://www.wpi.edu/academics/departments/computer-science/faculty-staff
fa19_student,Michigan Technological University,Computer Science,https://www.mtu.edu/cs/department/faculty-staff/
fa19_student,University of Illinois at Urbana-Champaign,Civil and Environmental Engineering,https://cee.illinois.edu/directory/faculty
fa19_student,UC Irvine,Social Ecology,https://socialecology.uci.edu/faculty
fa19_student,Texas Christian University,Computer Science,https://computerscience.tcu.edu/staff/
fa19_student,University of Illinois at Urbana-Champaign,Aerospace Engineering,http://aerospace.illinois.edu/directory/faculty
fa19_student,University of Georgia,College of Engineering,http://www.engineering.uga.edu
fa19_student,Harvard University,Department of Chemistry and Chemical Biology,https://chemistry.harvard.edu/faculty
fa19_student,Johns Hopkins University,Department of Mechanical Engineering,https://me.jhu.edu/faculty/
fa19_student,University of Cambridge,Electrical Engineering,http://www.eng.cam.ac.uk/people/division/124
fa19_student,"Indraprastha Institute of Information Technology, Delhi",Computer Science,https://www.iiitd.ac.in/people/faculty
fa19_student,University of Toronto,Department of Mathematics,https://www.math.toronto.edu/cms/people/
fa19_student,Temple University,Electrical and Computer Engineering,https://engineering.temple.edu/about/faculty-staff/electrical-and-computer-engineering
fa19_student,St. Olaf College,Computer Science,https://wp.stolaf.edu/cs/faculty-staff/
fa19_student,University of Central Missouri,Computer Science,https://www.ucmo.edu/college-of-health-science-and-technology/school-of-computer-science-and-mathematics/computer-science-and-software-engineering/faculty/index.php
fa19_student,Montana Tech,Computer Science,https://cs.mtech.edu/faculty-staff/